Origin State,Aircraft Airline Operator,Airport Name,Aircraft Make Model,Effect Amount of damage,Flight Date,Phase of flight,Wildlife Size,Wildlife Species,Time of day,Cost Other,Cost Repair,Cost Total $,Speed IAS in knots,latitude,longitude
Arizona,ABX AIR,3,3,3,3,3,3,3,3,3,3,3,0,3,3
Arizona,AIR CANADA,1,1,1,1,1,1,1,1,1,1,1,0,1,1
Arizona,AIRTRAN AIRWAYS,1,1,1,1,1,1,1,1,1,1,1,1,1,1
Arizona,ALASKA AIRLINES,2,2,2,2,2,2,2,2,2,2,2,0,2,2
Arizona,AMERICA WEST AIRLINES,59,59,59,59,59,59,59,59,59,59,59,31,59,59
Arizona,AMERICAN AIRLINES,9,9,9,9,9,9,9,9,9,9,9,8,9,9
Arizona,BUSINESS,3,3,3,3,3,3,3,3,3,3,3,2,3,3
Arizona,DELTA AIR LINES,4,4,4,4,4,4,4,4,4,4,4,4,4,4
Arizona,FEDEX EXPRESS,3,3,3,3,3,3,3,3,3,3,3,1,3,3
Arizona,MESA AIRLINES,1,1,1,1,1,1,1,1,1,1,1,0,1,1
Arizona,SOUTHWEST AIRLINES,17,17,17,17,17,17,17,17,17,17,17,17,17,17
Arizona,UNITED AIRLINES,2,2,2,2,2,2,2,2,2,2,2,0,2,2
Arizona,UNKNOWN,1,1,1,1,1,1,1,1,1,1,1,1,1,1
Arizona,UPS AIRLINES,1,1,1,1,1,1,1,1,1,1,1,0,1,1
Arizona,US AIRWAYS*,4,4,4,4,4,4,4,4,4,4,4,3,4,4
California,ABX AIR,2,2,2,2,2,2,2,2,2,2,2,0,2,2
California,AIR CANADA,6,6,6,6,6,6,6,6,6,6,6,6,6,6
California,ALASKA AIRLINES,37,37,37,37,37,37,37,37,37,37,37,20,37,37
California,AMERICA WEST AIRLINES,70,70,70,70,70,70,70,70,70,70,70,38,70,70
California,AMERICAN AIRLINES,172,172,172,172,172,172,172,172,172,172,172,139,172,172
California,AMERICAN EAGLE AIRLINES,12,12,12,12,12,12,12,12,12,12,12,9,12,12
California,ASTAR AIR CARGO,3,3,3,3,3,3,3,3,3,3,3,2,3,3
California,BUSINESS,46,46,46,46,46,46,46,46,46,46,46,33,46,46
California,CONTINENTAL AIRLINES,6,6,6,6,6,6,6,6,6,6,6,4,6,6
California,DELTA AIR LINES,43,43,43,43,43,43,43,43,43,43,43,26,43,43
California,FEDEX EXPRESS,30,30,30,30,30,30,30,30,30,30,30,16,30,30
California,FRONTIER AIRLINES,1,1,1,1,1,1,1,1,1,1,1,0,1,1
California,GOVERNMENT,1,1,1,1,1,1,1,1,1,1,1,1,1,1
California,HAWAIIAN AIR,3,3,3,3,3,3,3,3,3,3,3,2,3,3
California,HORIZON AIR,22,22,22,22,22,22,22,22,22,22,22,5,22,22
California,JAPAN AIRLINES,3,3,3,3,3,3,3,3,3,3,3,2,3,3
California,MILITARY,17,17,17,17,17,17,17,17,17,17,17,15,17,17
California,NORTHWEST AIRLINES,19,19,19,19,19,19,19,19,19,19,19,8,19,19
California,PRIVATELY OWNED,6,6,6,6,6,6,6,6,6,6,6,5,6,6
California,SKYWEST AIRLINES,24,24,24,24,24,24,24,24,24,24,24,11,24,24
California,SOUTHWEST AIRLINES,185,185,185,185,185,185,185,185,185,185,185,145,185,185
California,TRANS STATES AIRLINES,9,9,9,9,9,9,9,9,9,9,9,4,9,9
California,TRANS WORLD AIRLINES,12,12,12,12,12,12,12,12,12,12,12,3,12,12
California,UNITED AIRLINES,129,129,129,129,129,129,129,129,129,129,129,57,129,129
California,UNKNOWN,7,7,7,7,7,7,7,7,7,7,7,6,7,7
California,UPS AIRLINES,3,3,3,3,3,3,3,3,3,3,3,3,3,3
California,US AIRWAYS*,22,22,22,22,22,22,22,22,22,22,22,17,22,22
Colorado,ABX AIR,1,1,1,1,1,1,1,1,1,1,1,0,1,1
Colorado,AIR CANADA,5,5,5,5,5,5,5,5,5,5,5,1,5,5
Colorado,AIR WISCONSIN AIRLINES,6,6,6,6,6,6,6,6,6,6,6,0,6,6
Colorado,AMERICA WEST AIRLINES,9,9,9,9,9,9,9,9,9,9,9,3,9,9
Colorado,AMERICAN AIRLINES,31,31,31,31,31,31,31,31,31,31,31,22,31,31
Colorado,BUSINESS,2,2,2,2,2,2,2,2,2,2,2,0,2,2
Colorado,CONTINENTAL AIRLINES,2,2,2,2,2,2,2,2,2,2,2,0,2,2
Colorado,DELTA AIR LINES,7,7,7,7,7,7,7,7,7,7,7,5,7,7
Colorado,EXECUTIVE JET AVIATION,1,1,1,1,1,1,1,1,1,1,1,1,1,1
Colorado,FEDEX EXPRESS,2,2,2,2,2,2,2,2,2,2,2,1,2,2
Colorado,FRONTIER AIRLINES,15,15,15,15,15,15,15,15,15,15,15,11,15,15
Colorado,GREAT LAKES AIRLINES,20,20,20,20,20,20,20,20,20,20,20,15,20,20
Colorado,MESA AIRLINES,1,1,1,1,1,1,1,1,1,1,1,0,1,1
Colorado,NORTHWEST AIRLINES,10,10,10,10,10,10,10,10,10,10,10,0,10,10
Colorado,TRANS WORLD AIRLINES,1,1,1,1,1,1,1,1,1,1,1,1,1,1
Colorado,UNITED AIRLINES,64,64,64,64,64,64,64,64,64,64,64,6,64,64
Colorado,UNKNOWN,1,1,1,1,1,1,1,1,1,1,1,0,1,1
Colorado,UPS AIRLINES,2,2,2,2,2,2,2,2,2,2,2,0,2,2
Colorado,US AIRWAYS*,7,7,7,7,7,7,7,7,7,7,7,4,7,7
DC,ABX AIR,1,1,1,1,1,1,1,1,1,1,1,0,1,1
DC,AIR CANADA,16,16,16,16,16,16,16,16,16,16,16,14,16,16
DC,AIR WISCONSIN AIRLINES,1,1,1,1,1,1,1,1,1,1,1,1,1,1
DC,AIRTRAN AIRWAYS,1,1,1,1,1,1,1,1,1,1,1,1,1,1
DC,ALLEGHENYAIRLINES,1,1,1,1,1,1,1,1,1,1,1,0,1,1
DC,AMERICA WEST AIRLINES,6,6,6,6,6,6,6,6,6,6,6,4,6,6
DC,AMERICAN AIRLINES,71,71,71,71,71,71,71,71,71,71,71,65,71,71
DC,AMERICAN EAGLE AIRLINES,5,5,5,5,5,5,5,5,5,5,5,4,5,5
DC,ATLANTIC COAST AIRLINES,101,101,101,101,101,101,101,101,101,101,101,84,101,101
DC,BUSINESS,24,24,24,24,24,24,24,24,24,24,24,20,24,24
DC,COMAIR AIRLINES,1,1,1,1,1,1,1,1,1,1,1,1,1,1
DC,COMMUTAIR,2,2,2,2,2,2,2,2,2,2,2,1,2,2
DC,CONTINENTAL AIRLINES,10,10,10,10,10,10,10,10,10,10,10,9,10,10
DC,DELTA AIR LINES,36,36,36,36,36,36,36,36,36,36,36,26,36,36
DC,EXECUTIVE JET AVIATION,2,2,2,2,2,2,2,2,2,2,2,1,2,2
DC,EXPRESSJET (CONTINENTAL EXPRS),5,5,5,5,5,5,5,5,5,5,5,4,5,5
DC,FEDEX EXPRESS,5,5,5,5,5,5,5,5,5,5,5,3,5,5
DC,GOVERNMENT,1,1,1,1,1,1,1,1,1,1,1,1,1,1
DC,MESA AIRLINES,1,1,1,1,1,1,1,1,1,1,1,1,1,1
DC,MILITARY,2,2,2,2,2,2,2,2,2,2,2,2,2,2
DC,NORTHWEST AIRLINES,13,13,13,13,13,13,13,13,13,13,13,10,13,13
DC,PIEDMONT AIRLINES,6,6,6,6,6,6,6,6,6,6,6,4,6,6
DC,PSA AIRLINES,2,2,2,2,2,2,2,2,2,2,2,1,2,2
DC,TRANS STATES AIRLINES,2,2,2,2,2,2,2,2,2,2,2,2,2,2
DC,TRANS WORLD AIRLINES,3,3,3,3,3,3,3,3,3,3,3,2,3,3
DC,UNITED AIRLINES,59,59,59,59,59,59,59,59,59,59,59,43,59,59
DC,UNKNOWN,3,3,3,3,3,3,3,3,3,3,3,3,3,3
DC,US AIRWAYS*,95,95,95,95,95,95,95,95,95,95,95,75,95,95
Florida,ABX AIR,4,4,4,4,4,4,4,4,4,4,4,2,4,4
Florida,AIR CANADA,1,1,1,1,1,1,1,1,1,1,1,0,1,1
Florida,AIRTRAN AIRWAYS,2,2,2,2,2,2,2,2,2,2,2,2,2,2
Florida,AMERICA WEST AIRLINES,5,5,5,5,5,5,5,5,5,5,5,4,5,5
Florida,AMERICAN AIRLINES,43,43,43,43,43,43,43,43,43,43,43,39,43,43
Florida,AMERICAN EAGLE AIRLINES,1,1,1,1,1,1,1,1,1,1,1,1,1,1
Florida,ATLANTIC COAST AIRLINES,2,2,2,2,2,2,2,2,2,2,2,1,2,2
Florida,ATLANTIC SOUTHEAST,1,1,1,1,1,1,1,1,1,1,1,1,1,1
Florida,BUSINESS,9,9,9,9,9,9,9,9,9,9,9,7,9,9
Florida,COMAIR AIRLINES,7,7,7,7,7,7,7,7,7,7,7,3,7,7
Florida,CONTINENTAL AIRLINES,6,6,6,6,6,6,6,6,6,6,6,5,6,6
Florida,DELTA AIR LINES,53,53,53,53,53,53,53,53,53,53,53,42,53,53
Florida,FEDEX EXPRESS,7,7,7,7,7,7,7,7,7,7,7,3,7,7
Florida,MESA AIRLINES,1,1,1,1,1,1,1,1,1,1,1,0,1,1
Florida,NORTHWEST AIRLINES,7,7,7,7,7,7,7,7,7,7,7,4,7,7
Florida,PIEDMONT AIRLINES,4,4,4,4,4,4,4,4,4,4,4,1,4,4
Florida,PRIVATELY OWNED,3,3,3,3,3,3,3,3,3,3,3,1,3,3
Florida,SOUTHWEST AIRLINES,22,22,22,22,22,22,22,22,22,22,22,21,22,22
Florida,SPIRIT AIRLINES,2,2,2,2,2,2,2,2,2,2,2,1,2,2
Florida,TRANS WORLD AIRLINES,1,1,1,1,1,1,1,1,1,1,1,1,1,1
Florida,UNITED AIRLINES,7,7,7,7,7,7,7,7,7,7,7,3,7,7
Florida,UNKNOWN,2,2,2,2,2,2,2,2,2,2,2,1,2,2
Florida,US AIRWAYS*,56,56,56,56,56,56,56,56,56,56,56,46,56,56
Georgia,ABX AIR,7,7,7,7,7,7,7,7,7,7,7,3,7,7
Georgia,AIR CANADA,1,1,1,1,1,1,1,1,1,1,1,1,1,1
Georgia,AIRTRAN AIRWAYS,12,12,12,12,12,12,12,12,12,12,12,12,12,12
Georgia,AMERICA WEST AIRLINES,4,4,4,4,4,4,4,4,4,4,4,4,4,4
Georgia,AMERICAN AIRLINES,21,21,21,21,21,21,21,21,21,21,21,19,21,21
Georgia,ASTAR AIR CARGO,1,1,1,1,1,1,1,1,1,1,1,1,1,1
Georgia,ATLANTIC SOUTHEAST,13,13,13,13,13,13,13,13,13,13,13,12,13,13
Georgia,BUSINESS,4,4,4,4,4,4,4,4,4,4,4,4,4,4
Georgia,CONTINENTAL AIRLINES,7,7,7,7,7,7,7,7,7,7,7,7,7,7
Georgia,DELTA AIR LINES,111,111,111,111,111,111,111,111,111,111,111,102,111,111
Georgia,FEDEX EXPRESS,5,5,5,5,5,5,5,5,5,5,5,0,5,5
Georgia,GOVERNMENT,1,1,1,1,1,1,1,1,1,1,1,1,1,1
Georgia,MILITARY,1,1,1,1,1,1,1,1,1,1,1,1,1,1
Georgia,NORTHWEST AIRLINES,1,1,1,1,1,1,1,1,1,1,1,1,1,1
Georgia,TRANS WORLD AIRLINES,4,4,4,4,4,4,4,4,4,4,4,4,4,4
Georgia,UNITED AIRLINES,5,5,5,5,5,5,5,5,5,5,5,3,5,5
Georgia,UNKNOWN,1,1,1,1,1,1,1,1,1,1,1,0,1,1
Georgia,UPS AIRLINES,3,3,3,3,3,3,3,3,3,3,3,3,3,3
Georgia,US AIRWAYS*,9,9,9,9,9,9,9,9,9,9,9,8,9,9
Hawaii,ALLEGHENYAIRLINES,1,1,1,1,1,1,1,1,1,1,1,0,1,1
Hawaii,ALOHA AIRLINES,184,184,184,184,184,184,184,184,184,184,184,123,184,184
Hawaii,AMERICAN AIRLINES,4,4,4,4,4,4,4,4,4,4,4,4,4,4
Hawaii,BUSINESS,14,14,14,14,14,14,14,14,14,14,14,9,14,14
Hawaii,CONTINENTAL AIRLINES,1,1,1,1,1,1,1,1,1,1,1,0,1,1
Hawaii,DELTA AIR LINES,1,1,1,1,1,1,1,1,1,1,1,1,1,1
Hawaii,FEDEX EXPRESS,1,1,1,1,1,1,1,1,1,1,1,0,1,1
Hawaii,GOVERNMENT,2,2,2,2,2,2,2,2,2,2,2,0,2,2
Hawaii,HAWAIIAN AIR,93,93,93,93,93,93,93,93,93,93,93,69,93,93
Hawaii,JAPAN AIRLINES,4,4,4,4,4,4,4,4,4,4,4,3,4,4
Hawaii,MILITARY,38,38,38,38,38,38,38,38,38,38,38,33,38,38
Hawaii,NORTHWEST AIRLINES,3,3,3,3,3,3,3,3,3,3,3,2,3,3
Hawaii,PRIVATELY OWNED,3,3,3,3,3,3,3,3,3,3,3,1,3,3
Hawaii,UNITED AIRLINES,1,1,1,1,1,1,1,1,1,1,1,1,1,1
Hawaii,UNKNOWN,2,2,2,2,2,2,2,2,2,2,2,1,2,2
Illinois,ABX AIR,2,2,2,2,2,2,2,2,2,2,2,1,2,2
Illinois,AIR CANADA,4,4,4,4,4,4,4,4,4,4,4,4,4,4
Illinois,AIR WISCONSIN AIRLINES,9,9,9,9,9,9,9,9,9,9,9,7,9,9
Illinois,AIRTRAN AIRWAYS,3,3,3,3,3,3,3,3,3,3,3,3,3,3
Illinois,AMERICA WEST AIRLINES,3,3,3,3,3,3,3,3,3,3,3,3,3,3
Illinois,AMERICAN AIRLINES,267,267,267,267,267,267,267,267,267,267,267,235,267,267
Illinois,AMERICAN EAGLE AIRLINES,20,20,20,20,20,20,20,20,20,20,20,15,20,20
Illinois,ATLANTIC COAST AIRLINES,3,3,3,3,3,3,3,3,3,3,3,3,3,3
Illinois,BUSINESS,10,10,10,10,10,10,10,10,10,10,10,9,10,10
Illinois,CONTINENTAL AIRLINES,5,5,5,5,5,5,5,5,5,5,5,2,5,5
Illinois,DELTA AIR LINES,6,6,6,6,6,6,6,6,6,6,6,4,6,6
Illinois,EXECUTIVE JET AVIATION,2,2,2,2,2,2,2,2,2,2,2,2,2,2
Illinois,FEDEX EXPRESS,3,3,3,3,3,3,3,3,3,3,3,2,3,3
Illinois,FRONTIER AIRLINES,1,1,1,1,1,1,1,1,1,1,1,1,1,1
Illinois,GREAT LAKES AIRLINES,8,8,8,8,8,8,8,8,8,8,8,7,8,8
Illinois,MILITARY,11,11,11,11,11,11,11,11,11,11,11,10,11,11
Illinois,NORTHWEST AIRLINES,4,4,4,4,4,4,4,4,4,4,4,1,4,4
Illinois,SOUTHWEST AIRLINES,54,54,54,54,54,54,54,54,54,54,54,48,54,54
Illinois,UNITED AIRLINES,75,75,75,75,75,75,75,75,75,75,75,36,75,75
Illinois,UNKNOWN,4,4,4,4,4,4,4,4,4,4,4,2,4,4
Illinois,UPS AIRLINES,1,1,1,1,1,1,1,1,1,1,1,1,1,1
Illinois,US AIRWAYS*,10,10,10,10,10,10,10,10,10,10,10,6,10,10
Indiana,AMERICA WEST AIRLINES,9,9,9,9,9,9,9,9,9,9,9,5,9,9
Indiana,AMERICAN AIRLINES,12,12,12,12,12,12,12,12,12,12,12,12,12,12
Indiana,AMERICAN EAGLE AIRLINES,1,1,1,1,1,1,1,1,1,1,1,1,1,1
Indiana,ATLANTIC COAST AIRLINES,3,3,3,3,3,3,3,3,3,3,3,3,3,3
Indiana,BUSINESS,12,12,12,12,12,12,12,12,12,12,12,3,12,12
Indiana,CHAUTAUQUA AIRLINES,2,2,2,2,2,2,2,2,2,2,2,1,2,2
Indiana,COMAIR AIRLINES,4,4,4,4,4,4,4,4,4,4,4,2,4,4
Indiana,CONTINENTAL AIRLINES,3,3,3,3,3,3,3,3,3,3,3,1,3,3
Indiana,DELTA AIR LINES,6,6,6,6,6,6,6,6,6,6,6,4,6,6
Indiana,EXPRESSJET (CONTINENTAL EXPRS),3,3,3,3,3,3,3,3,3,3,3,3,3,3
Indiana,FEDEX EXPRESS,29,29,29,29,29,29,29,29,29,29,29,16,29,29
Indiana,NORTHWEST AIRLINES,9,9,9,9,9,9,9,9,9,9,9,4,9,9
Indiana,PIEDMONT AIRLINES,1,1,1,1,1,1,1,1,1,1,1,0,1,1
Indiana,PSA AIRLINES,1,1,1,1,1,1,1,1,1,1,1,1,1,1
Indiana,SOUTHWEST AIRLINES,14,14,14,14,14,14,14,14,14,14,14,11,14,14
Indiana,UNITED AIRLINES,7,7,7,7,7,7,7,7,7,7,7,5,7,7
Indiana,US AIRWAYS*,28,28,28,28,28,28,28,28,28,28,28,20,28,28
Kentucky,ABX AIR,2,2,2,2,2,2,2,2,2,2,2,0,2,2
Kentucky,AMERICAN AIRLINES,22,22,22,22,22,22,22,22,22,22,22,17,22,22
Kentucky,AMERICAN EAGLE AIRLINES,5,5,5,5,5,5,5,5,5,5,5,3,5,5
Kentucky,ASTAR AIR CARGO,13,13,13,13,13,13,13,13,13,13,13,10,13,13
Kentucky,ATLANTIC COAST AIRLINES,4,4,4,4,4,4,4,4,4,4,4,2,4,4
Kentucky,BUSINESS,18,18,18,18,18,18,18,18,18,18,18,9,18,18
Kentucky,CHAUTAUQUA AIRLINES,3,3,3,3,3,3,3,3,3,3,3,1,3,3
Kentucky,COMAIR AIRLINES,88,88,88,88,88,88,88,88,88,88,88,67,88,88
Kentucky,CONTINENTAL AIRLINES,4,4,4,4,4,4,4,4,4,4,4,2,4,4
Kentucky,DELTA AIR LINES,129,129,129,129,129,129,129,129,129,129,129,96,129,129
Kentucky,EXECUTIVE JET AVIATION,1,1,1,1,1,1,1,1,1,1,1,1,1,1
Kentucky,EXPRESSJET (CONTINENTAL EXPRS),7,7,7,7,7,7,7,7,7,7,7,7,7,7
Kentucky,FEDEX EXPRESS,7,7,7,7,7,7,7,7,7,7,7,5,7,7
Kentucky,MESABA AIRLINES,2,2,2,2,2,2,2,2,2,2,2,2,2,2
Kentucky,MILITARY,4,4,4,4,4,4,4,4,4,4,4,3,4,4
Kentucky,NORTHWEST AIRLINES,11,11,11,11,11,11,11,11,11,11,11,7,11,11
Kentucky,PRIVATELY OWNED,2,2,2,2,2,2,2,2,2,2,2,0,2,2
Kentucky,PSA AIRLINES,2,2,2,2,2,2,2,2,2,2,2,2,2,2
Kentucky,SOUTHWEST AIRLINES,17,17,17,17,17,17,17,17,17,17,17,13,17,17
Kentucky,TRANS WORLD AIRLINES,4,4,4,4,4,4,4,4,4,4,4,2,4,4
Kentucky,UNITED AIRLINES,10,10,10,10,10,10,10,10,10,10,10,9,10,10
Kentucky,UNKNOWN,2,2,2,2,2,2,2,2,2,2,2,2,2,2
Kentucky,UPS AIRLINES,150,150,150,150,150,150,150,150,150,150,150,125,150,150
Kentucky,US AIRWAYS*,28,28,28,28,28,28,28,28,28,28,28,20,28,28
Louisiana,ABX AIR,3,3,3,3,3,3,3,3,3,3,3,1,3,3
Louisiana,AMERICA WEST AIRLINES,1,1,1,1,1,1,1,1,1,1,1,1,1,1
Louisiana,AMERICAN AIRLINES,45,45,45,45,45,45,45,45,45,45,45,35,45,45
Louisiana,BUSINESS,3,3,3,3,3,3,3,3,3,3,3,3,3,3
Louisiana,COMAIR AIRLINES,1,1,1,1,1,1,1,1,1,1,1,1,1,1
Louisiana,CONTINENTAL AIRLINES,16,16,16,16,16,16,16,16,16,16,16,4,16,16
Louisiana,DELTA AIR LINES,20,20,20,20,20,20,20,20,20,20,20,11,20,20
Louisiana,EXECUTIVE JET AVIATION,1,1,1,1,1,1,1,1,1,1,1,0,1,1
Louisiana,EXPRESSJET (CONTINENTAL EXPRS),1,1,1,1,1,1,1,1,1,1,1,0,1,1
Louisiana,FEDEX EXPRESS,2,2,2,2,2,2,2,2,2,2,2,1,2,2
Louisiana,GOVERNMENT,1,1,1,1,1,1,1,1,1,1,1,0,1,1
Louisiana,MESA AIRLINES,1,1,1,1,1,1,1,1,1,1,1,0,1,1
Louisiana,MILITARY,434,434,434,434,434,434,434,434,434,434,434,406,434,434
Louisiana,NORTHWEST AIRLINES,5,5,5,5,5,5,5,5,5,5,5,1,5,5
Louisiana,PRIVATELY OWNED,1,1,1,1,1,1,1,1,1,1,1,0,1,1
Louisiana,SOUTHWEST AIRLINES,46,46,46,46,46,46,46,46,46,46,46,37,46,46
Louisiana,TRANS WORLD AIRLINES,4,4,4,4,4,4,4,4,4,4,4,1,4,4
Louisiana,UNITED AIRLINES,7,7,7,7,7,7,7,7,7,7,7,1,7,7
Louisiana,UNKNOWN,1,1,1,1,1,1,1,1,1,1,1,1,1,1
Louisiana,UPS AIRLINES,2,2,2,2,2,2,2,2,2,2,2,1,2,2
Louisiana,US AIRWAYS*,23,23,23,23,23,23,23,23,23,23,23,17,23,23
Maryland,ABX AIR,2,2,2,2,2,2,2,2,2,2,2,0,2,2
Maryland,AIRTRAN AIRWAYS,1,1,1,1,1,1,1,1,1,1,1,1,1,1
Maryland,ALLEGHENYAIRLINES,7,7,7,7,7,7,7,7,7,7,7,6,7,7
Maryland,AMERICA WEST AIRLINES,7,7,7,7,7,7,7,7,7,7,7,4,7,7
Maryland,AMERICAN AIRLINES,18,18,18,18,18,18,18,18,18,18,18,18,18,18
Maryland,AMERICAN EAGLE AIRLINES,5,5,5,5,5,5,5,5,5,5,5,4,5,5
Maryland,ASTAR AIR CARGO,2,2,2,2,2,2,2,2,2,2,2,1,2,2
Maryland,ATLANTIC COAST AIRLINES,2,2,2,2,2,2,2,2,2,2,2,2,2,2
Maryland,ATLANTIC SOUTHEAST,1,1,1,1,1,1,1,1,1,1,1,1,1,1
Maryland,BUSINESS,4,4,4,4,4,4,4,4,4,4,4,1,4,4
Maryland,CONTINENTAL AIRLINES,1,1,1,1,1,1,1,1,1,1,1,1,1,1
Maryland,DELTA AIR LINES,6,6,6,6,6,6,6,6,6,6,6,5,6,6
Maryland,EXPRESSJET (CONTINENTAL EXPRS),1,1,1,1,1,1,1,1,1,1,1,1,1,1
Maryland,FEDEX EXPRESS,2,2,2,2,2,2,2,2,2,2,2,1,2,2
Maryland,GOVERNMENT,1,1,1,1,1,1,1,1,1,1,1,1,1,1
Maryland,MESA AIRLINES,1,1,1,1,1,1,1,1,1,1,1,1,1,1
Maryland,NORTHWEST AIRLINES,2,2,2,2,2,2,2,2,2,2,2,1,2,2
Maryland,PIEDMONT AIRLINES,3,3,3,3,3,3,3,3,3,3,3,3,3,3
Maryland,PRIVATELY OWNED,2,2,2,2,2,2,2,2,2,2,2,1,2,2
Maryland,PSA AIRLINES,1,1,1,1,1,1,1,1,1,1,1,1,1,1
Maryland,SOUTHWEST AIRLINES,55,55,55,55,55,55,55,55,55,55,55,52,55,55
Maryland,TRANS STATES AIRLINES,2,2,2,2,2,2,2,2,2,2,2,2,2,2
Maryland,TRANS WORLD AIRLINES,1,1,1,1,1,1,1,1,1,1,1,0,1,1
Maryland,UNITED AIRLINES,6,6,6,6,6,6,6,6,6,6,6,4,6,6
Maryland,UNKNOWN,5,5,5,5,5,5,5,5,5,5,5,4,5,5
Maryland,US AIRWAYS*,63,63,63,63,63,63,63,63,63,63,63,49,63,63
Massachusetts,ABX AIR,1,1,1,1,1,1,1,1,1,1,1,0,1,1
Massachusetts,AIR CANADA,6,6,6,6,6,6,6,6,6,6,6,1,6,6
Massachusetts,AMERICA WEST AIRLINES,9,9,9,9,9,9,9,9,9,9,9,4,9,9
Massachusetts,AMERICAN AIRLINES,33,33,33,33,33,33,33,33,33,33,33,28,33,33
Massachusetts,AMERICAN EAGLE AIRLINES,11,11,11,11,11,11,11,11,11,11,11,8,11,11
Massachusetts,ATLANTIC COAST AIRLINES,2,2,2,2,2,2,2,2,2,2,2,2,2,2
Massachusetts,BUSINESS,8,8,8,8,8,8,8,8,8,8,8,1,8,8
Massachusetts,CONTINENTAL AIRLINES,2,2,2,2,2,2,2,2,2,2,2,0,2,2
Massachusetts,DELTA AIR LINES,24,24,24,24,24,24,24,24,24,24,24,14,24,24
Massachusetts,FEDEX EXPRESS,4,4,4,4,4,4,4,4,4,4,4,2,4,4
Massachusetts,MESA AIRLINES,1,1,1,1,1,1,1,1,1,1,1,0,1,1
Massachusetts,NORTHWEST AIRLINES,5,5,5,5,5,5,5,5,5,5,5,0,5,5
Massachusetts,TRANS WORLD AIRLINES,1,1,1,1,1,1,1,1,1,1,1,1,1,1
Massachusetts,UNITED AIRLINES,4,4,4,4,4,4,4,4,4,4,4,1,4,4
Massachusetts,UPS AIRLINES,2,2,2,2,2,2,2,2,2,2,2,0,2,2
Massachusetts,US AIRWAYS*,33,33,33,33,33,33,33,33,33,33,33,21,33,33
Michigan,ABX AIR,1,1,1,1,1,1,1,1,1,1,1,1,1,1
Michigan,AMERICA WEST AIRLINES,4,4,4,4,4,4,4,4,4,4,4,4,4,4
Michigan,AMERICAN AIRLINES,17,17,17,17,17,17,17,17,17,17,17,15,17,17
Michigan,ATLANTIC COAST AIRLINES,1,1,1,1,1,1,1,1,1,1,1,1,1,1
Michigan,BUSINESS,2,2,2,2,2,2,2,2,2,2,2,1,2,2
Michigan,COMAIR AIRLINES,1,1,1,1,1,1,1,1,1,1,1,1,1,1
Michigan,EXECUTIVE JET AVIATION,1,1,1,1,1,1,1,1,1,1,1,1,1,1
Michigan,EXPRESSJET (CONTINENTAL EXPRS),1,1,1,1,1,1,1,1,1,1,1,1,1,1
Michigan,FEDEX EXPRESS,4,4,4,4,4,4,4,4,4,4,4,0,4,4
Michigan,MESABA AIRLINES,17,17,17,17,17,17,17,17,17,17,17,12,17,17
Michigan,NORTHWEST AIRLINES,16,16,16,16,16,16,16,16,16,16,16,3,16,16
Michigan,SOUTHWEST AIRLINES,3,3,3,3,3,3,3,3,3,3,3,3,3,3
Michigan,UNITED AIRLINES,1,1,1,1,1,1,1,1,1,1,1,0,1,1
Michigan,US AIRWAYS*,5,5,5,5,5,5,5,5,5,5,5,4,5,5
Minnesota,ABX AIR,1,1,1,1,1,1,1,1,1,1,1,0,1,1
Minnesota,AIR CANADA,1,1,1,1,1,1,1,1,1,1,1,1,1,1
Minnesota,AMERICA WEST AIRLINES,1,1,1,1,1,1,1,1,1,1,1,1,1,1
Minnesota,AMERICAN AIRLINES,12,12,12,12,12,12,12,12,12,12,12,11,12,12
Minnesota,BUSINESS,7,7,7,7,7,7,7,7,7,7,7,6,7,7
Minnesota,CONTINENTAL AIRLINES,1,1,1,1,1,1,1,1,1,1,1,1,1,1
Minnesota,DELTA AIR LINES,4,4,4,4,4,4,4,4,4,4,4,4,4,4
Minnesota,EXECUTIVE JET AVIATION,1,1,1,1,1,1,1,1,1,1,1,0,1,1
Minnesota,FEDEX EXPRESS,1,1,1,1,1,1,1,1,1,1,1,0,1,1
Minnesota,MESABA AIRLINES,15,15,15,15,15,15,15,15,15,15,15,13,15,15
Minnesota,MILITARY,16,16,16,16,16,16,16,16,16,16,16,15,16,16
Minnesota,NORTHWEST AIRLINES,35,35,35,35,35,35,35,35,35,35,35,25,35,35
Minnesota,PINNACLE,1,1,1,1,1,1,1,1,1,1,1,1,1,1
Minnesota,TRANS WORLD AIRLINES,3,3,3,3,3,3,3,3,3,3,3,3,3,3
Minnesota,UNITED AIRLINES,3,3,3,3,3,3,3,3,3,3,3,2,3,3
Minnesota,UNKNOWN,1,1,1,1,1,1,1,1,1,1,1,1,1,1
Missouri,ABX AIR,7,7,7,7,7,7,7,7,7,7,7,0,7,7
Missouri,AIR CANADA,4,4,4,4,4,4,4,4,4,4,4,4,4,4
Missouri,AMERICA WEST AIRLINES,8,8,8,8,8,8,8,8,8,8,8,5,8,8
Missouri,AMERICAN AIRLINES,54,54,54,54,54,54,54,54,54,54,54,47,54,54
Missouri,ASTAR AIR CARGO,1,1,1,1,1,1,1,1,1,1,1,1,1,1
Missouri,BUSINESS,12,12,12,12,12,12,12,12,12,12,12,8,12,12
Missouri,CHAUTAUQUA AIRLINES,3,3,3,3,3,3,3,3,3,3,3,3,3,3
Missouri,COMAIR AIRLINES,1,1,1,1,1,1,1,1,1,1,1,1,1,1
Missouri,CONTINENTAL AIRLINES,5,5,5,5,5,5,5,5,5,5,5,4,5,5
Missouri,DELTA AIR LINES,28,28,28,28,28,28,28,28,28,28,28,23,28,28
Missouri,EXPRESSJET (CONTINENTAL EXPRS),1,1,1,1,1,1,1,1,1,1,1,1,1,1
Missouri,FEDEX EXPRESS,11,11,11,11,11,11,11,11,11,11,11,6,11,11
Missouri,FRONTIER AIRLINES,2,2,2,2,2,2,2,2,2,2,2,2,2,2
Missouri,MESA AIRLINES,2,2,2,2,2,2,2,2,2,2,2,1,2,2
Missouri,MILITARY,5,5,5,5,5,5,5,5,5,5,5,5,5,5
Missouri,NORTHWEST AIRLINES,15,15,15,15,15,15,15,15,15,15,15,11,15,15
Missouri,SOUTHWEST AIRLINES,95,95,95,95,95,95,95,95,95,95,95,84,95,95
Missouri,TRANS STATES AIRLINES,5,5,5,5,5,5,5,5,5,5,5,3,5,5
Missouri,TRANS WORLD AIRLINES,76,76,76,76,76,76,76,76,76,76,76,63,76,76
Missouri,UNITED AIRLINES,11,11,11,11,11,11,11,11,11,11,11,9,11,11
Missouri,UNKNOWN,4,4,4,4,4,4,4,4,4,4,4,2,4,4
Missouri,UPS AIRLINES,4,4,4,4,4,4,4,4,4,4,4,4,4,4
Missouri,US AIRWAYS*,22,22,22,22,22,22,22,22,22,22,22,19,22,22
Nebraska,ABX AIR,4,4,4,4,4,4,4,4,4,4,4,2,4,4
Nebraska,AMERICA WEST AIRLINES,3,3,3,3,3,3,3,3,3,3,3,2,3,3
Nebraska,AMERICAN AIRLINES,29,29,29,29,29,29,29,29,29,29,29,26,29,29
Nebraska,AMERICAN EAGLE AIRLINES,2,2,2,2,2,2,2,2,2,2,2,1,2,2
Nebraska,ATLANTIC SOUTHEAST,1,1,1,1,1,1,1,1,1,1,1,1,1,1
Nebraska,BUSINESS,17,17,17,17,17,17,17,17,17,17,17,13,17,17
Nebraska,COMAIR AIRLINES,4,4,4,4,4,4,4,4,4,4,4,4,4,4
Nebraska,CONTINENTAL AIRLINES,3,3,3,3,3,3,3,3,3,3,3,1,3,3
Nebraska,DELTA AIR LINES,5,5,5,5,5,5,5,5,5,5,5,4,5,5
Nebraska,EXECUTIVE JET AVIATION,3,3,3,3,3,3,3,3,3,3,3,1,3,3
Nebraska,FEDEX EXPRESS,3,3,3,3,3,3,3,3,3,3,3,1,3,3
Nebraska,FRONTIER AIRLINES,1,1,1,1,1,1,1,1,1,1,1,1,1,1
Nebraska,MESA AIRLINES,1,1,1,1,1,1,1,1,1,1,1,1,1,1
Nebraska,NORTHWEST AIRLINES,6,6,6,6,6,6,6,6,6,6,6,5,6,6
Nebraska,PRIVATELY OWNED,1,1,1,1,1,1,1,1,1,1,1,0,1,1
Nebraska,SOUTHWEST AIRLINES,11,11,11,11,11,11,11,11,11,11,11,10,11,11
Nebraska,TRANS WORLD AIRLINES,5,5,5,5,5,5,5,5,5,5,5,4,5,5
Nebraska,UNITED AIRLINES,15,15,15,15,15,15,15,15,15,15,15,11,15,15
Nebraska,UPS AIRLINES,3,3,3,3,3,3,3,3,3,3,3,3,3,3
Nebraska,US AIRWAYS*,1,1,1,1,1,1,1,1,1,1,1,1,1,1
New Jersey,ABX AIR,1,1,1,1,1,1,1,1,1,1,1,0,1,1
New Jersey,AIR CANADA,5,5,5,5,5,5,5,5,5,5,5,2,5,5
New Jersey,AIRTRAN AIRWAYS,1,1,1,1,1,1,1,1,1,1,1,1,1,1
New Jersey,ALLEGHENYAIRLINES,2,2,2,2,2,2,2,2,2,2,2,1,2,2
New Jersey,AMERICA WEST AIRLINES,9,9,9,9,9,9,9,9,9,9,9,7,9,9
New Jersey,AMERICAN AIRLINES,38,38,38,38,38,38,38,38,38,38,38,30,38,38
New Jersey,AMERICAN EAGLE AIRLINES,1,1,1,1,1,1,1,1,1,1,1,1,1,1
New Jersey,ATLANTIC COAST AIRLINES,4,4,4,4,4,4,4,4,4,4,4,4,4,4
New Jersey,ATLANTIC SOUTHEAST,5,5,5,5,5,5,5,5,5,5,5,2,5,5
New Jersey,BUSINESS,66,66,66,66,66,66,66,66,66,66,66,30,66,66
New Jersey,COMMUTAIR,1,1,1,1,1,1,1,1,1,1,1,1,1,1
New Jersey,CONTINENTAL AIRLINES,46,46,46,46,46,46,46,46,46,46,46,27,46,46
New Jersey,DELTA AIR LINES,15,15,15,15,15,15,15,15,15,15,15,10,15,15
New Jersey,EXECUTIVE JET AVIATION,9,9,9,9,9,9,9,9,9,9,9,5,9,9
New Jersey,EXPRESSJET (CONTINENTAL EXPRS),16,16,16,16,16,16,16,16,16,16,16,12,16,16
New Jersey,FEDEX EXPRESS,37,37,37,37,37,37,37,37,37,37,37,19,37,37
New Jersey,GOVERNMENT,4,4,4,4,4,4,4,4,4,4,4,2,4,4
New Jersey,MESA AIRLINES,2,2,2,2,2,2,2,2,2,2,2,1,2,2
New Jersey,MILITARY,39,39,39,39,39,39,39,39,39,39,39,26,39,39
New Jersey,NORTHWEST AIRLINES,1,1,1,1,1,1,1,1,1,1,1,1,1,1
New Jersey,PIEDMONT AIRLINES,1,1,1,1,1,1,1,1,1,1,1,1,1,1
New Jersey,PRIVATELY OWNED,1,1,1,1,1,1,1,1,1,1,1,1,1,1
New Jersey,SPIRIT AIRLINES,5,5,5,5,5,5,5,5,5,5,5,0,5,5
New Jersey,TRANS STATES AIRLINES,1,1,1,1,1,1,1,1,1,1,1,1,1,1
New Jersey,TRANS WORLD AIRLINES,3,3,3,3,3,3,3,3,3,3,3,2,3,3
New Jersey,UNITED AIRLINES,8,8,8,8,8,8,8,8,8,8,8,4,8,8
New Jersey,UNKNOWN,4,4,4,4,4,4,4,4,4,4,4,1,4,4
New Jersey,UPS AIRLINES,3,3,3,3,3,3,3,3,3,3,3,3,3,3
New Jersey,US AIRWAYS*,23,23,23,23,23,23,23,23,23,23,23,18,23,23
New York,ABX AIR,3,3,3,3,3,3,3,3,3,3,3,2,3,3
New York,AIR CANADA,8,8,8,8,8,8,8,8,8,8,8,5,8,8
New York,ALLEGHENYAIRLINES,3,3,3,3,3,3,3,3,3,3,3,2,3,3
New York,AMERICA WEST AIRLINES,8,8,8,8,8,8,8,8,8,8,8,2,8,8
New York,AMERICAN AIRLINES,126,126,126,126,126,126,126,126,126,126,126,89,126,126
New York,AMERICAN EAGLE AIRLINES,23,23,23,23,23,23,23,23,23,23,23,11,23,23
New York,ASTAR AIR CARGO,5,5,5,5,5,5,5,5,5,5,5,2,5,5
New York,ATLANTIC COAST AIRLINES,7,7,7,7,7,7,7,7,7,7,7,5,7,7
New York,ATLANTIC SOUTHEAST,1,1,1,1,1,1,1,1,1,1,1,0,1,1
New York,BUSINESS,13,13,13,13,13,13,13,13,13,13,13,1,13,13
New York,COMAIR AIRLINES,2,2,2,2,2,2,2,2,2,2,2,1,2,2
New York,CONTINENTAL AIRLINES,3,3,3,3,3,3,3,3,3,3,3,1,3,3
New York,DELTA AIR LINES,45,45,45,45,45,45,45,45,45,45,45,30,45,45
New York,EXPRESSJET (CONTINENTAL EXPRS),1,1,1,1,1,1,1,1,1,1,1,0,1,1
New York,FEDEX EXPRESS,7,7,7,7,7,7,7,7,7,7,7,1,7,7
New York,JAPAN AIRLINES,6,6,6,6,6,6,6,6,6,6,6,0,6,6
New York,JETBLUE AIRWAYS,2,2,2,2,2,2,2,2,2,2,2,0,2,2
New York,MESA AIRLINES,1,1,1,1,1,1,1,1,1,1,1,1,1,1
New York,MILITARY,1,1,1,1,1,1,1,1,1,1,1,1,1,1
New York,NORTHWEST AIRLINES,11,11,11,11,11,11,11,11,11,11,11,6,11,11
New York,PIEDMONT AIRLINES,1,1,1,1,1,1,1,1,1,1,1,0,1,1
New York,PINNACLE,1,1,1,1,1,1,1,1,1,1,1,0,1,1
New York,TRANS STATES AIRLINES,6,6,6,6,6,6,6,6,6,6,6,0,6,6
New York,TRANS WORLD AIRLINES,19,19,19,19,19,19,19,19,19,19,19,4,19,19
New York,UNITED AIRLINES,26,26,26,26,26,26,26,26,26,26,26,5,26,26
New York,UNKNOWN,2,2,2,2,2,2,2,2,2,2,2,0,2,2
New York,UPS AIRLINES,3,3,3,3,3,3,3,3,3,3,3,2,3,3
New York,US AIRWAYS*,57,57,57,57,57,57,57,57,57,57,57,41,57,57
North Carolina,AIR CANADA,1,1,1,1,1,1,1,1,1,1,1,1,1,1
North Carolina,AMERICAN AIRLINES,10,10,10,10,10,10,10,10,10,10,10,10,10,10
North Carolina,AMERICAN EAGLE AIRLINES,1,1,1,1,1,1,1,1,1,1,1,1,1,1
North Carolina,ATLANTIC SOUTHEAST,3,3,3,3,3,3,3,3,3,3,3,3,3,3
North Carolina,BUSINESS,16,16,16,16,16,16,16,16,16,16,16,15,16,16
North Carolina,COMAIR AIRLINES,1,1,1,1,1,1,1,1,1,1,1,1,1,1
North Carolina,CONTINENTAL AIRLINES,2,2,2,2,2,2,2,2,2,2,2,1,2,2
North Carolina,DELTA AIR LINES,2,2,2,2,2,2,2,2,2,2,2,2,2,2
North Carolina,EXPRESSJET (CONTINENTAL EXPRS),1,1,1,1,1,1,1,1,1,1,1,1,1,1
North Carolina,FEDEX EXPRESS,2,2,2,2,2,2,2,2,2,2,2,1,2,2
North Carolina,MESA AIRLINES,3,3,3,3,3,3,3,3,3,3,3,3,3,3
North Carolina,MILITARY,2,2,2,2,2,2,2,2,2,2,2,2,2,2
North Carolina,NORTHWEST AIRLINES,2,2,2,2,2,2,2,2,2,2,2,2,2,2
North Carolina,PIEDMONT AIRLINES,9,9,9,9,9,9,9,9,9,9,9,9,9,9
North Carolina,PRIVATELY OWNED,5,5,5,5,5,5,5,5,5,5,5,5,5,5
North Carolina,TRANS WORLD AIRLINES,1,1,1,1,1,1,1,1,1,1,1,1,1,1
North Carolina,UNITED AIRLINES,4,4,4,4,4,4,4,4,4,4,4,4,4,4
North Carolina,UNKNOWN,4,4,4,4,4,4,4,4,4,4,4,3,4,4
North Carolina,US AIRWAYS*,200,200,200,200,200,200,200,200,200,200,200,171,200,200
Ohio,ABX AIR,1,1,1,1,1,1,1,1,1,1,1,0,1,1
Ohio,AIR CANADA,1,1,1,1,1,1,1,1,1,1,1,1,1,1
Ohio,ALLEGHENYAIRLINES,1,1,1,1,1,1,1,1,1,1,1,1,1,1
Ohio,AMERICA WEST AIRLINES,16,16,16,16,16,16,16,16,16,16,16,12,16,16
Ohio,AMERICAN AIRLINES,28,28,28,28,28,28,28,28,28,28,28,26,28,28
Ohio,AMERICAN EAGLE AIRLINES,2,2,2,2,2,2,2,2,2,2,2,0,2,2
Ohio,ATLANTIC COAST AIRLINES,6,6,6,6,6,6,6,6,6,6,6,1,6,6
Ohio,BUSINESS,5,5,5,5,5,5,5,5,5,5,5,4,5,5
Ohio,CHAUTAUQUA AIRLINES,3,3,3,3,3,3,3,3,3,3,3,1,3,3
Ohio,CONTINENTAL AIRLINES,21,21,21,21,21,21,21,21,21,21,21,9,21,21
Ohio,DELTA AIR LINES,15,15,15,15,15,15,15,15,15,15,15,9,15,15
Ohio,EXECUTIVE JET AVIATION,7,7,7,7,7,7,7,7,7,7,7,3,7,7
Ohio,EXPRESSJET (CONTINENTAL EXPRS),35,35,35,35,35,35,35,35,35,35,35,29,35,35
Ohio,FEDEX EXPRESS,1,1,1,1,1,1,1,1,1,1,1,0,1,1
Ohio,MESA AIRLINES,2,2,2,2,2,2,2,2,2,2,2,0,2,2
Ohio,MESABA AIRLINES,1,1,1,1,1,1,1,1,1,1,1,0,1,1
Ohio,NORTHWEST AIRLINES,7,7,7,7,7,7,7,7,7,7,7,2,7,7
Ohio,PRIVATELY OWNED,1,1,1,1,1,1,1,1,1,1,1,1,1,1
Ohio,PSA AIRLINES,1,1,1,1,1,1,1,1,1,1,1,1,1,1
Ohio,SOUTHWEST AIRLINES,14,14,14,14,14,14,14,14,14,14,14,10,14,14
Ohio,TRANS WORLD AIRLINES,3,3,3,3,3,3,3,3,3,3,3,3,3,3
Ohio,UNITED AIRLINES,9,9,9,9,9,9,9,9,9,9,9,2,9,9
Ohio,UNKNOWN,6,6,6,6,6,6,6,6,6,6,6,3,6,6
Ohio,US AIRWAYS*,24,24,24,24,24,24,24,24,24,24,24,19,24,24
Oklahoma,ABX AIR,2,2,2,2,2,2,2,2,2,2,2,0,2,2
Oklahoma,AIR WISCONSIN AIRLINES,1,1,1,1,1,1,1,1,1,1,1,1,1,1
Oklahoma,AMERICAN AIRLINES,15,15,15,15,15,15,15,15,15,15,15,14,15,15
Oklahoma,AMERICAN EAGLE AIRLINES,5,5,5,5,5,5,5,5,5,5,5,3,5,5
Oklahoma,ATLANTIC SOUTHEAST,1,1,1,1,1,1,1,1,1,1,1,0,1,1
Oklahoma,BUSINESS,1,1,1,1,1,1,1,1,1,1,1,0,1,1
Oklahoma,COMAIR AIRLINES,1,1,1,1,1,1,1,1,1,1,1,0,1,1
Oklahoma,CONTINENTAL AIRLINES,1,1,1,1,1,1,1,1,1,1,1,1,1,1
Oklahoma,DELTA AIR LINES,7,7,7,7,7,7,7,7,7,7,7,5,7,7
Oklahoma,FEDEX EXPRESS,6,6,6,6,6,6,6,6,6,6,6,4,6,6
Oklahoma,GOVERNMENT,1,1,1,1,1,1,1,1,1,1,1,0,1,1
Oklahoma,MILITARY,17,17,17,17,17,17,17,17,17,17,17,14,17,17
Oklahoma,PRIVATELY OWNED,1,1,1,1,1,1,1,1,1,1,1,0,1,1
Oklahoma,SOUTHWEST AIRLINES,19,19,19,19,19,19,19,19,19,19,19,16,19,19
Oklahoma,TRANS WORLD AIRLINES,3,3,3,3,3,3,3,3,3,3,3,0,3,3
Oklahoma,UNITED AIRLINES,2,2,2,2,2,2,2,2,2,2,2,0,2,2
Oregon,ABX AIR,3,3,3,3,3,3,3,3,3,3,3,1,3,3
Oregon,ALASKA AIRLINES,33,33,33,33,33,33,33,33,33,33,33,7,33,33
Oregon,AMERICA WEST AIRLINES,8,8,8,8,8,8,8,8,8,8,8,4,8,8
Oregon,AMERICAN AIRLINES,25,25,25,25,25,25,25,25,25,25,25,18,25,25
Oregon,BUSINESS,7,7,7,7,7,7,7,7,7,7,7,4,7,7
Oregon,CONTINENTAL AIRLINES,1,1,1,1,1,1,1,1,1,1,1,0,1,1
Oregon,DELTA AIR LINES,21,21,21,21,21,21,21,21,21,21,21,6,21,21
Oregon,EXECUTIVE JET AVIATION,1,1,1,1,1,1,1,1,1,1,1,0,1,1
Oregon,FEDEX EXPRESS,3,3,3,3,3,3,3,3,3,3,3,0,3,3
Oregon,FRONTIER AIRLINES,1,1,1,1,1,1,1,1,1,1,1,1,1,1
Oregon,HORIZON AIR,56,56,56,56,56,56,56,56,56,56,56,14,56,56
Oregon,MILITARY,12,12,12,12,12,12,12,12,12,12,12,9,12,12
Oregon,NORTHWEST AIRLINES,9,9,9,9,9,9,9,9,9,9,9,3,9,9
Oregon,SKYWEST AIRLINES,11,11,11,11,11,11,11,11,11,11,11,0,11,11
Oregon,SOUTHWEST AIRLINES,15,15,15,15,15,15,15,15,15,15,15,10,15,15
Oregon,TRANS WORLD AIRLINES,2,2,2,2,2,2,2,2,2,2,2,1,2,2
Oregon,UNITED AIRLINES,30,30,30,30,30,30,30,30,30,30,30,7,30,30
Oregon,UNKNOWN,1,1,1,1,1,1,1,1,1,1,1,0,1,1
Oregon,UPS AIRLINES,5,5,5,5,5,5,5,5,5,5,5,3,5,5
Oregon,US AIRWAYS*,1,1,1,1,1,1,1,1,1,1,1,0,1,1
Pennsylvania,AIR CANADA,2,2,2,2,2,2,2,2,2,2,2,1,2,2
Pennsylvania,AIRTRAN AIRWAYS,2,2,2,2,2,2,2,2,2,2,2,1,2,2
Pennsylvania,ALLEGHENYAIRLINES,7,7,7,7,7,7,7,7,7,7,7,5,7,7
Pennsylvania,AMERICA WEST AIRLINES,3,3,3,3,3,3,3,3,3,3,3,2,3,3
Pennsylvania,AMERICAN AIRLINES,46,46,46,46,46,46,46,46,46,46,46,43,46,46
Pennsylvania,AMERICAN EAGLE AIRLINES,3,3,3,3,3,3,3,3,3,3,3,3,3,3
Pennsylvania,ATLANTIC COAST AIRLINES,1,1,1,1,1,1,1,1,1,1,1,1,1,1
Pennsylvania,BUSINESS,14,14,14,14,14,14,14,14,14,14,14,13,14,14
Pennsylvania,CHAUTAUQUA AIRLINES,7,7,7,7,7,7,7,7,7,7,7,6,7,7
Pennsylvania,CONTINENTAL AIRLINES,2,2,2,2,2,2,2,2,2,2,2,1,2,2
Pennsylvania,DELTA AIR LINES,17,17,17,17,17,17,17,17,17,17,17,13,17,17
Pennsylvania,EXECUTIVE JET AVIATION,2,2,2,2,2,2,2,2,2,2,2,2,2,2
Pennsylvania,EXPRESSJET (CONTINENTAL EXPRS),1,1,1,1,1,1,1,1,1,1,1,0,1,1
Pennsylvania,FEDEX EXPRESS,6,6,6,6,6,6,6,6,6,6,6,3,6,6
Pennsylvania,MESA AIRLINES,4,4,4,4,4,4,4,4,4,4,4,4,4,4
Pennsylvania,MILITARY,13,13,13,13,13,13,13,13,13,13,13,13,13,13
Pennsylvania,NORTHWEST AIRLINES,12,12,12,12,12,12,12,12,12,12,12,7,12,12
Pennsylvania,PIEDMONT AIRLINES,6,6,6,6,6,6,6,6,6,6,6,6,6,6
Pennsylvania,PSA AIRLINES,19,19,19,19,19,19,19,19,19,19,19,14,19,19
Pennsylvania,TRANS STATES AIRLINES,2,2,2,2,2,2,2,2,2,2,2,2,2,2
Pennsylvania,TRANS WORLD AIRLINES,6,6,6,6,6,6,6,6,6,6,6,3,6,6
Pennsylvania,UNITED AIRLINES,11,11,11,11,11,11,11,11,11,11,11,9,11,11
Pennsylvania,UNKNOWN,1,1,1,1,1,1,1,1,1,1,1,0,1,1
Pennsylvania,UPS AIRLINES,13,13,13,13,13,13,13,13,13,13,13,13,13,13
Pennsylvania,US AIRWAYS*,314,314,314,314,314,314,314,314,314,314,314,240,314,314
South Carolina,AMERICAN AIRLINES,3,3,3,3,3,3,3,3,3,3,3,3,3,3
South Carolina,ATLANTIC COAST AIRLINES,1,1,1,1,1,1,1,1,1,1,1,1,1,1
South Carolina,BUSINESS,4,4,4,4,4,4,4,4,4,4,4,4,4,4
South Carolina,CONTINENTAL AIRLINES,1,1,1,1,1,1,1,1,1,1,1,0,1,1
South Carolina,DELTA AIR LINES,7,7,7,7,7,7,7,7,7,7,7,5,7,7
South Carolina,EXPRESSJET (CONTINENTAL EXPRS),1,1,1,1,1,1,1,1,1,1,1,0,1,1
South Carolina,GREAT LAKES AIRLINES,1,1,1,1,1,1,1,1,1,1,1,1,1,1
South Carolina,HORIZON AIR,1,1,1,1,1,1,1,1,1,1,1,1,1,1
South Carolina,MILITARY,204,204,204,204,204,204,204,204,204,204,204,171,204,204
South Carolina,PINNACLE,1,1,1,1,1,1,1,1,1,1,1,1,1,1
South Carolina,PRIVATELY OWNED,1,1,1,1,1,1,1,1,1,1,1,1,1,1
South Carolina,PSA AIRLINES,1,1,1,1,1,1,1,1,1,1,1,1,1,1
South Carolina,US AIRWAYS*,16,16,16,16,16,16,16,16,16,16,16,13,16,16
Tennessee,ABX AIR,5,5,5,5,5,5,5,5,5,5,5,1,5,5
Tennessee,AIR CANADA,3,3,3,3,3,3,3,3,3,3,3,2,3,3
Tennessee,AIRTRAN AIRWAYS,1,1,1,1,1,1,1,1,1,1,1,1,1,1
Tennessee,AMERICAN AIRLINES,156,156,156,156,156,156,156,156,156,156,156,148,156,156
Tennessee,AMERICAN EAGLE AIRLINES,21,21,21,21,21,21,21,21,21,21,21,18,21,21
Tennessee,ATLANTIC SOUTHEAST,1,1,1,1,1,1,1,1,1,1,1,1,1,1
Tennessee,BUSINESS,24,24,24,24,24,24,24,24,24,24,24,24,24,24
Tennessee,COMAIR AIRLINES,2,2,2,2,2,2,2,2,2,2,2,2,2,2
Tennessee,CONTINENTAL AIRLINES,2,2,2,2,2,2,2,2,2,2,2,2,2,2
Tennessee,DELTA AIR LINES,35,35,35,35,35,35,35,35,35,35,35,33,35,35
Tennessee,EXECUTIVE JET AVIATION,2,2,2,2,2,2,2,2,2,2,2,0,2,2
Tennessee,EXPRESSJET (CONTINENTAL EXPRS),2,2,2,2,2,2,2,2,2,2,2,1,2,2
Tennessee,FEDEX EXPRESS,155,155,155,155,155,155,155,155,155,155,155,83,155,155
Tennessee,GREAT LAKES AIRLINES,1,1,1,1,1,1,1,1,1,1,1,1,1,1
Tennessee,MESABA AIRLINES,6,6,6,6,6,6,6,6,6,6,6,5,6,6
Tennessee,MILITARY,3,3,3,3,3,3,3,3,3,3,3,2,3,3
Tennessee,NORTHWEST AIRLINES,36,36,36,36,36,36,36,36,36,36,36,25,36,36
Tennessee,PINNACLE,14,14,14,14,14,14,14,14,14,14,14,14,14,14
Tennessee,PRIVATELY OWNED,3,3,3,3,3,3,3,3,3,3,3,2,3,3
Tennessee,SOUTHWEST AIRLINES,59,59,59,59,59,59,59,59,59,59,59,57,59,59
Tennessee,TRANS STATES AIRLINES,1,1,1,1,1,1,1,1,1,1,1,1,1,1
Tennessee,TRANS WORLD AIRLINES,1,1,1,1,1,1,1,1,1,1,1,1,1,1
Tennessee,UNITED AIRLINES,5,5,5,5,5,5,5,5,5,5,5,3,5,5
Tennessee,UNKNOWN,7,7,7,7,7,7,7,7,7,7,7,7,7,7
Tennessee,UPS AIRLINES,5,5,5,5,5,5,5,5,5,5,5,4,5,5
Tennessee,US AIRWAYS*,19,19,19,19,19,19,19,19,19,19,19,18,19,19
Texas,ABX AIR,18,18,18,18,18,18,18,18,18,18,18,2,18,18
Texas,AIR CANADA,4,4,4,4,4,4,4,4,4,4,4,1,4,4
Texas,AIRTRAN AIRWAYS,1,1,1,1,1,1,1,1,1,1,1,1,1,1
Texas,AMERICA WEST AIRLINES,25,25,25,25,25,25,25,25,25,25,25,14,25,25
Texas,AMERICAN AIRLINES,843,843,843,843,843,843,843,843,843,843,843,677,843,843
Texas,AMERICAN EAGLE AIRLINES,105,105,105,105,105,105,105,105,105,105,105,64,105,105
Texas,ASTAR AIR CARGO,2,2,2,2,2,2,2,2,2,2,2,1,2,2
Texas,ATLANTIC COAST AIRLINES,1,1,1,1,1,1,1,1,1,1,1,0,1,1
Texas,ATLANTIC SOUTHEAST,10,10,10,10,10,10,10,10,10,10,10,0,10,10
Texas,BUSINESS,17,17,17,17,17,17,17,17,17,17,17,8,17,17
Texas,CONTINENTAL AIRLINES,30,30,30,30,30,30,30,30,30,30,30,8,30,30
Texas,DELTA AIR LINES,92,92,92,92,92,92,92,92,92,92,92,55,92,92
Texas,EXECUTIVE JET AVIATION,3,3,3,3,3,3,3,3,3,3,3,2,3,3
Texas,EXPRESSJET (CONTINENTAL EXPRS),30,30,30,30,30,30,30,30,30,30,30,21,30,30
Texas,FEDEX EXPRESS,23,23,23,23,23,23,23,23,23,23,23,16,23,23
Texas,FRONTIER AIRLINES,2,2,2,2,2,2,2,2,2,2,2,2,2,2
Texas,GOVERNMENT,2,2,2,2,2,2,2,2,2,2,2,2,2,2
Texas,MILITARY,3,3,3,3,3,3,3,3,3,3,3,2,3,3
Texas,NORTHWEST AIRLINES,8,8,8,8,8,8,8,8,8,8,8,3,8,8
Texas,PIEDMONT AIRLINES,1,1,1,1,1,1,1,1,1,1,1,1,1,1
Texas,PRIVATELY OWNED,3,3,3,3,3,3,3,3,3,3,3,2,3,3
Texas,SKYWEST AIRLINES,1,1,1,1,1,1,1,1,1,1,1,1,1,1
Texas,SOUTHWEST AIRLINES,200,200,200,200,200,200,200,200,200,200,200,183,200,200
Texas,TRANS WORLD AIRLINES,7,7,7,7,7,7,7,7,7,7,7,4,7,7
Texas,UNITED AIRLINES,13,13,13,13,13,13,13,13,13,13,13,2,13,13
Texas,UNKNOWN,10,10,10,10,10,10,10,10,10,10,10,6,10,10
Texas,UPS AIRLINES,18,18,18,18,18,18,18,18,18,18,18,12,18,18
Texas,US AIRWAYS*,23,23,23,23,23,23,23,23,23,23,23,13,23,23
Utah,ABX AIR,2,2,2,2,2,2,2,2,2,2,2,0,2,2
Utah,AMERICA WEST AIRLINES,4,4,4,4,4,4,4,4,4,4,4,0,4,4
Utah,AMERICAN AIRLINES,14,14,14,14,14,14,14,14,14,14,14,13,14,14
Utah,ASTAR AIR CARGO,2,2,2,2,2,2,2,2,2,2,2,0,2,2
Utah,BUSINESS,7,7,7,7,7,7,7,7,7,7,7,5,7,7
Utah,CONTINENTAL AIRLINES,2,2,2,2,2,2,2,2,2,2,2,0,2,2
Utah,DELTA AIR LINES,122,122,122,122,122,122,122,122,122,122,122,45,122,122
Utah,FEDEX EXPRESS,5,5,5,5,5,5,5,5,5,5,5,2,5,5
Utah,JETBLUE AIRWAYS,2,2,2,2,2,2,2,2,2,2,2,0,2,2
Utah,MILITARY,7,7,7,7,7,7,7,7,7,7,7,6,7,7
Utah,NORTHWEST AIRLINES,1,1,1,1,1,1,1,1,1,1,1,0,1,1
Utah,PRIVATELY OWNED,3,3,3,3,3,3,3,3,3,3,3,0,3,3
Utah,SKYWEST AIRLINES,31,31,31,31,31,31,31,31,31,31,31,8,31,31
Utah,SOUTHWEST AIRLINES,13,13,13,13,13,13,13,13,13,13,13,7,13,13
Utah,TRANS WORLD AIRLINES,2,2,2,2,2,2,2,2,2,2,2,1,2,2
Utah,UNITED AIRLINES,12,12,12,12,12,12,12,12,12,12,12,1,12,12
Utah,UNKNOWN,2,2,2,2,2,2,2,2,2,2,2,1,2,2
Utah,UPS AIRLINES,5,5,5,5,5,5,5,5,5,5,5,2,5,5
Washington,ALASKA AIRLINES,30,30,30,30,30,30,30,30,30,30,30,6,30,30
Washington,AMERICA WEST AIRLINES,4,4,4,4,4,4,4,4,4,4,4,4,4,4
Washington,AMERICAN AIRLINES,7,7,7,7,7,7,7,7,7,7,7,4,7,7
Washington,BUSINESS,2,2,2,2,2,2,2,2,2,2,2,2,2,2
Washington,CONTINENTAL AIRLINES,4,4,4,4,4,4,4,4,4,4,4,2,4,4
Washington,DELTA AIR LINES,4,4,4,4,4,4,4,4,4,4,4,1,4,4
Washington,FEDEX EXPRESS,1,1,1,1,1,1,1,1,1,1,1,1,1,1
Washington,GOVERNMENT,1,1,1,1,1,1,1,1,1,1,1,1,1,1
Washington,HAWAIIAN AIR,1,1,1,1,1,1,1,1,1,1,1,1,1,1
Washington,HORIZON AIR,23,23,23,23,23,23,23,23,23,23,23,11,23,23
Washington,MESA AIRLINES,1,1,1,1,1,1,1,1,1,1,1,1,1,1
Washington,NORTHWEST AIRLINES,8,8,8,8,8,8,8,8,8,8,8,4,8,8
Washington,SKYWEST AIRLINES,1,1,1,1,1,1,1,1,1,1,1,1,1,1
Washington,SOUTHWEST AIRLINES,5,5,5,5,5,5,5,5,5,5,5,5,5,5
Washington,TRANS WORLD AIRLINES,1,1,1,1,1,1,1,1,1,1,1,1,1,1
Washington,UNITED AIRLINES,8,8,8,8,8,8,8,8,8,8,8,0,8,8
Washington,UNKNOWN,1,1,1,1,1,1,1,1,1,1,1,0,1,1
Washington,US AIRWAYS*,1,1,1,1,1,1,1,1,1,1,1,1,1,1
